{
  "blooddonors": [
    {
      "id": "3",
      "donorName": "Rick",
      "bloodGroup": "O",
      "lastDonated": "2019-08-08"
    },
    {
      "id": "19",
      "donorName": "siji",
      "bloodGroup": "ab+",
      "lastDonated": "2019-08-08"
    },
    {
      "id": "31",
      "donorName": "henry",
      "bloodGroup": "O+ve",
      "lastDonated": "2019-08-13"
    },
    {
      "id": 102,
      "donorName": "Hari",
      "bloodGroup": "B",
      "lastDonated": "2019-08-08"
    },
    {
      "id": "5",
      "donorName": "Dravid",
      "bloodGroup": "A",
      "lastDonated": "2019-08-08"
    },
    {
      "id": "7",
      "donorName": "Dhoni",
      "bloodGroup": "O+ve",
      "lastDonated": "2019-08-08"
    },
    {
      "id": "78",
      "donorName": "queen",
      "bloodGroup": "O+ve",
      "lastDonated": "2019-08-08"
    }
  ],
  "hospitals": [],
  "sponsors": []
}